ref_lat,ref_lon,ref_height,ref_east,ref_north,ref_height
35.180373799999998141,126.90542079999998748,37.423000000000001819,309272.15723235165933,3895055.2683809706941,37.423000000000001819
