ref_lat,ref_lon,ref_height,ref_east,ref_north,ref_height
35.179569100000001924,126.90645309999999313,57.551999999999999602,309364.29044608416734,3894964.0268031908199,57.551999999999999602
